institute_name,course_name,category,location,contact_no,rating,duration,fees,placement_support,website
Itrekq AI Solutions Pvt Ltd,Digital Marketing,Digital Marketing,"205 Shree Ganesh Universe, Gangapur Road, Nashik",09845235783,4.3,2–3 months,Contact institute,Yes,Not available
Itrekq AI Solutions Pvt Ltd,Graphic Design,Graphic Design,"205 Shree Ganesh Universe, Gangapur Road, Nashik",09845235783,4.3,2–3 months,Contact institute,Yes,Not available
Itrekq AI Solutions Pvt Ltd,AI / Machine Learning Fundamentals,Artificial Intelligence,"205 Shree Ganesh Universe, Gangapur Road, Nashik",09845235783,4.3,3 months,Contact institute,Yes,Not available
IRT Technologies,Red Hat RHCSA,Linux / Red Hat,"1st Floor, Fortune Arcade, Yeolekar Mala, College Road, Nashik",08460555744,4.7,3–4 months,Contact institute,Yes,https://irt.net.in
IRT Technologies,Red Hat RHCE,Linux / Red Hat,"1st Floor, Fortune Arcade, Yeolekar Mala, College Road, Nashik",08460555744,4.7,4–5 months,Contact institute,Yes,https://irt.net.in
IRT Technologies,AWS Cloud Computing,Cloud Computing,"1st Floor, Fortune Arcade, Yeolekar Mala, College Road, Nashik",08460555744,4.7,2–3 months,Contact institute,Yes,https://irt.net.in
IRT Technologies,CCNA Routing & Switching,Networking,"1st Floor, Fortune Arcade, Yeolekar Mala, College Road, Nashik",08460555744,4.7,3–4 months,Contact institute,Yes,https://irt.net.in
IRT Technologies,Ethical Hacking / Cyber Forensics,Cybersecurity,"1st Floor, Fortune Arcade, Yeolekar Mala, College Road, Nashik",08460555744,4.7,3–4 months,Contact institute,Yes,https://irt.net.in
IRT Technologies,Python Programming,Programming,"1st Floor, Fortune Arcade, Yeolekar Mala, College Road, Nashik",08460555744,4.7,2–3 months,Contact institute,Yes,https://irt.net.in
GSNT Computer Education,MS-CIT / Basic Computer,IT Literacy,Nashik,Not available,Not rated,3 months,Contact institute,No,Not available
GSNT Computer Education,Tally Prime,Accounting / Tally,Nashik,Not available,Not rated,2 months,Contact institute,No,Not available
GSNT Computer Education,DTP / Graphic Design,Graphic Design,Nashik,Not available,Not rated,3 months,Contact institute,No,Not available
Sachintech,Web Development,Web Development,Nashik,Not available,Not rated,3–4 months,Contact institute,Partial,Not available
Sachintech,Basic Computer / MS Office,IT Literacy,Nashik,Not available,Not rated,2–3 months,Contact institute,No,Not available
Sachintech,Tally Prime with GST,Accounting / Tally,Nashik,Not available,Not rated,2 months,Contact institute,No,Not available
Netleap IT Training And Solutions,Red Hat RHCSA,Linux / Red Hat,"1st Floor, Avdhoot Adhar Apt, Old Gangapur Naka, Gangapur Road, Nashik",+91-8329349481,4.8,3–4 months,Contact institute,Yes,https://netleapsolutions.com
Netleap IT Training And Solutions,Red Hat RHCE,Linux / Red Hat,"1st Floor, Avdhoot Adhar Apt, Old Gangapur Naka, Gangapur Road, Nashik",+91-8329349481,4.8,4–5 months,Contact institute,Yes,https://netleapsolutions.com
Netleap IT Training And Solutions,AWS Cloud Computing,Cloud Computing,"1st Floor, Avdhoot Adhar Apt, Old Gangapur Naka, Gangapur Road, Nashik",+91-8329349481,4.8,2–3 months,Contact institute,Yes,https://netleapsolutions.com
Netleap IT Training And Solutions,CCNA Networking,Networking,"1st Floor, Avdhoot Adhar Apt, Old Gangapur Naka, Gangapur Road, Nashik",+91-8329349481,4.8,3–4 months,Contact institute,Yes,https://netleapsolutions.com
Netleap IT Training And Solutions,Core & Advanced Java,Java Development,"1st Floor, Avdhoot Adhar Apt, Old Gangapur Naka, Gangapur Road, Nashik",+91-8329349481,4.8,3–4 months,Contact institute,Yes,https://netleapsolutions.com
Netleap IT Training And Solutions,Data Science,Data Science,"1st Floor, Avdhoot Adhar Apt, Old Gangapur Naka, Gangapur Road, Nashik",+91-8329349481,4.8,4–6 months,Contact institute,Yes,https://netleapsolutions.com
Technokraft Training And Solutions,CCNA Routing & Switching,Networking,"Office No-2, 1st Floor, Kanchawala Avenue, College Road, Nashik",Not available,4.6,3–4 months,Contact institute,Yes,https://tts.net.in
Technokraft Training And Solutions,Red Hat RHCSA / RHCE,Linux / Red Hat,"Office No-2, 1st Floor, Kanchawala Avenue, College Road, Nashik",Not available,4.6,3–5 months,Contact institute,Yes,https://tts.net.in
Technokraft Training And Solutions,AWS / Azure Cloud Computing,Cloud Computing,"Office No-2, 1st Floor, Kanchawala Avenue, College Road, Nashik",Not available,4.6,2–3 months,Contact institute,Yes,https://tts.net.in
Technokraft Training And Solutions,Python Programming,Programming,"Office No-2, 1st Floor, Kanchawala Avenue, College Road, Nashik",Not available,4.6,2–3 months,Contact institute,Yes,https://tts.net.in
Technokraft Training And Solutions,DevOps,DevOps,"Office No-2, 1st Floor, Kanchawala Avenue, College Road, Nashik",Not available,4.6,2–3 months,Contact institute,Yes,https://tts.net.in
Technokraft Training And Solutions,Data Science & Analytics,Data Science,"Office No-2, 1st Floor, Kanchawala Avenue, College Road, Nashik",Not available,4.6,4–6 months,Contact institute,Yes,https://tts.net.in
Technokraft Training And Solutions,Ethical Hacking,Cybersecurity,"Office No-2, 1st Floor, Kanchawala Avenue, College Road, Nashik",Not available,4.6,2–3 months,Contact institute,Yes,https://tts.net.in
Technokraft Training And Solutions,Full Stack Web Development,Web Development,"Office No-2, 1st Floor, Kanchawala Avenue, College Road, Nashik",Not available,4.6,4–6 months,Contact institute,Yes,https://tts.net.in
Technokraft Training And Solutions,SAP FICO / SAP MM,ERP / SAP,"Office No-2, 1st Floor, Kanchawala Avenue, College Road, Nashik",Not available,4.6,3–4 months,Contact institute,Yes,https://tts.net.in
Seema Technologies,Java Programming,Java Development,"Sr.No. 251/1, Shiv Vihar, Ambaji Nagar, Panchavati, Nashik",+91-91684-69900,4.9,3–4 months,Contact institute,Yes,https://seema-technologies.com
Seema Technologies,PHP / Web Development,Web Development,"Sr.No. 251/1, Shiv Vihar, Ambaji Nagar, Panchavati, Nashik",+91-91684-69900,4.9,3 months,Contact institute,Yes,https://seema-technologies.com
Seema Technologies,Python Programming,Programming,"Sr.No. 251/1, Shiv Vihar, Ambaji Nagar, Panchavati, Nashik",+91-91684-69900,4.9,2–3 months,Contact institute,Yes,https://seema-technologies.com
Seema Technologies,Android App Development,Mobile Development,"Sr.No. 251/1, Shiv Vihar, Ambaji Nagar, Panchavati, Nashik",+91-91684-69900,4.9,3 months,Contact institute,Yes,https://seema-technologies.com
Futuretech Computers,Basic Computer / MS Office,IT Literacy,Nashik,Not available,Not rated,2–3 months,Contact institute,No,Not available
Futuretech Computers,Tally Prime with GST,Accounting / Tally,Nashik,Not available,Not rated,2 months,Contact institute,No,Not available
Futuretech Computers,Web Design,Web Development,Nashik,Not available,Not rated,3 months,Contact institute,Partial,Not available
Sumago Infotech Pvt Ltd,Python Programming,Programming,"The Avenue, 6th Floor, Govind Nagar, Nashik",+91-8408084888,4.2,2–3 months,Contact institute,Yes,https://www.sumagoinfotech.in
Sumago Infotech Pvt Ltd,Web Development (PHP / Laravel),Web Development,"The Avenue, 6th Floor, Govind Nagar, Nashik",+91-8408084888,4.2,3–4 months,Contact institute,Yes,https://www.sumagoinfotech.in
Sumago Infotech Pvt Ltd,Android App Development,Mobile Development,"The Avenue, 6th Floor, Govind Nagar, Nashik",+91-8408084888,4.2,3 months,Contact institute,Yes,https://www.sumagoinfotech.in
Sumago Infotech Pvt Ltd,Data Science / Machine Learning,Data Science,"The Avenue, 6th Floor, Govind Nagar, Nashik",+91-8408084888,4.2,4–6 months,Contact institute,Yes,https://www.sumagoinfotech.in
Sumago Infotech Pvt Ltd,Digital Marketing,Digital Marketing,"The Avenue, 6th Floor, Govind Nagar, Nashik",+91-8408084888,4.2,2 months,Contact institute,Yes,https://www.sumagoinfotech.in
Shweta Computers,Basic Computer / MS Office,IT Literacy,Nashik,Not available,Not rated,2–3 months,Contact institute,No,Not available
Shweta Computers,Tally Prime,Accounting / Tally,Nashik,Not available,Not rated,2 months,Contact institute,No,Not available
Shweta Computers,DTP / Graphic Design,Graphic Design,Nashik,Not available,Not rated,2–3 months,Contact institute,No,Not available
Code Cadd Tech,AutoCAD Civil / Mechanical,CAD / Design,"Office No 201, 2nd Floor, Rushabh Trinity Tower, Krishi Nagar Lane, College Road, Nashik",Not available,Not rated,3–6 months,Contact institute,Partial,Not available
Code Cadd Tech,SolidWorks / CATIA,CAD / Design,"Office No 201, 2nd Floor, Rushabh Trinity Tower, Krishi Nagar Lane, College Road, Nashik",Not available,Not rated,3–4 months,Contact institute,Partial,Not available
Code Cadd Tech,3D Printing / CAM,CAD / Design,"Office No 201, 2nd Floor, Rushabh Trinity Tower, Krishi Nagar Lane, College Road, Nashik",Not available,Not rated,2–3 months,Contact institute,Partial,Not available
Disha Computer Institute,MS-CIT,IT Literacy,Nashik,Not available,Not rated,3 months,~₹4000,No,Not available
Disha Computer Institute,Tally Prime with GST,Accounting / Tally,Nashik,Not available,Not rated,2 months,Contact institute,No,Not available
Disha Computer Institute,Basic Computer / MS Office,IT Literacy,Nashik,Not available,Not rated,2 months,Contact institute,No,Not available
Disha Computer Institute,DTP,Graphic Design,Nashik,Not available,Not rated,2–3 months,Contact institute,No,Not available
Saitech Computer Academy,Basic Computer / MS Office,IT Literacy,Nashik,Not available,Not rated,2 months,Contact institute,No,Not available
Saitech Computer Academy,Tally Prime,Accounting / Tally,Nashik,Not available,Not rated,2 months,Contact institute,No,Not available
Saitech Computer Academy,Web Design,Web Development,Nashik,Not available,Not rated,3 months,Contact institute,Partial,Not available
Friends Computer Academy,Basic Computer / MS Office,IT Literacy,Nashik,Not available,Not rated,2 months,Contact institute,No,Not available
Friends Computer Academy,Tally Prime,Accounting / Tally,Nashik,Not available,Not rated,2 months,Contact institute,No,Not available
Treemiti Informatics,Basic Computer / MS Office,IT Literacy,Nashik,Not available,Not rated,2 months,Contact institute,No,Not available
Treemiti Informatics,Web Development,Web Development,Nashik,Not available,Not rated,3 months,Contact institute,Partial,Not available
Raj Computers,Basic Computer / MS Office,IT Literacy,Nashik,Not available,Not rated,2 months,Contact institute,No,Not available
Raj Computers,Tally Prime,Accounting / Tally,Nashik,Not available,Not rated,2 months,Contact institute,No,Not available
Disha Computer Institute (Byk College Road),MS-CIT,IT Literacy,"BYK College Road, Nashik",Not available,Not rated,3 months,~₹4000,No,Not available
Disha Computer Institute (Byk College Road),Tally Prime,Accounting / Tally,"BYK College Road, Nashik",Not available,Not rated,2 months,Contact institute,No,Not available
Disha Computer Institute (Byk College Road),Basic Computer / MS Office,IT Literacy,"BYK College Road, Nashik",Not available,Not rated,2 months,Contact institute,No,Not available
"Disha Computer Institute (Saptshrungi Sahakari Hsg Society, Indira Nagar)",MS-CIT,IT Literacy,"Indira Nagar, Nashik",Not available,Not rated,3 months,~₹4000,No,Not available
"Disha Computer Institute (Saptshrungi Sahakari Hsg Society, Indira Nagar)",Tally Prime,Accounting / Tally,"Indira Nagar, Nashik",Not available,Not rated,2 months,Contact institute,No,Not available
I-Tech System,Web Design & Development,Web Development,"09, Sumangal Luxuria, 3rd Floor, College Road, Nashik",09096871111,4.4,3–4 months,Contact institute,Yes,https://itechnasik.com
I-Tech System,Android App Development,Mobile Development,"09, Sumangal Luxuria, 3rd Floor, College Road, Nashik",09096871111,4.4,3 months,Contact institute,Yes,https://itechnasik.com
I-Tech System,Software Testing,Software Testing,"09, Sumangal Luxuria, 3rd Floor, College Road, Nashik",09096871111,4.4,2–3 months,Contact institute,Yes,https://itechnasik.com
I-Tech System,Data Science / Data Analytics,Data Science,"09, Sumangal Luxuria, 3rd Floor, College Road, Nashik",09096871111,4.4,4 months,Contact institute,Yes,https://itechnasik.com
I-Tech System,Digital Marketing,Digital Marketing,"09, Sumangal Luxuria, 3rd Floor, College Road, Nashik",09096871111,4.4,2 months,Contact institute,Yes,https://itechnasik.com
I-Tech System,Java / Python / PHP Programming,Programming,"09, Sumangal Luxuria, 3rd Floor, College Road, Nashik",09096871111,4.4,2–3 months,Contact institute,Yes,https://itechnasik.com
Sai Infotech,Basic Computer / MS Office,IT Literacy,Nashik,Not available,Not rated,2 months,Contact institute,No,Not available
Sai Infotech,Tally Prime,Accounting / Tally,Nashik,Not available,Not rated,2 months,Contact institute,No,Not available
Sai Infotech,Web Design,Web Development,Nashik,Not available,Not rated,3 months,Contact institute,Partial,Not available
Arrow Technologies And Solutions,Web Development,Web Development,Nashik,Not available,Not rated,3–4 months,Contact institute,Partial,Not available
Arrow Technologies And Solutions,Networking,Networking,Nashik,Not available,Not rated,2–3 months,Contact institute,Partial,Not available
Arrow Technologies And Solutions,Hardware & Troubleshooting,Hardware & Networking,Nashik,Not available,Not rated,2 months,Contact institute,Partial,Not available
Code Drift Academy,Python / Django,Programming,Nashik,Not available,Not rated,3 months,Contact institute,Yes,Not available
Code Drift Academy,Full Stack Web Development,Web Development,Nashik,Not available,Not rated,4–5 months,Contact institute,Yes,Not available
Code Drift Academy,Data Science,Data Science,Nashik,Not available,Not rated,4 months,Contact institute,Yes,Not available
Career Computer Institute,Basic Computer / MS Office,IT Literacy,Nashik,Not available,Not rated,2 months,Contact institute,No,Not available
Career Computer Institute,Tally Prime with GST,Accounting / Tally,Nashik,Not available,Not rated,2 months,Contact institute,No,Not available
Career Computer Institute,DTP / Graphic Design,Graphic Design,Nashik,Not available,Not rated,2–3 months,Contact institute,No,Not available
Alpha Computers,Basic Computer / MS Office,IT Literacy,Nashik,Not available,Not rated,2 months,Contact institute,No,Not available
Alpha Computers,Tally Prime,Accounting / Tally,Nashik,Not available,Not rated,2 months,Contact institute,No,Not available
Alpha Computers,Web Design,Web Development,Nashik,Not available,Not rated,3 months,Contact institute,Partial,Not available
Swarajya Computer Institute,MS-CIT,IT Literacy,Nashik,Not available,Not rated,3 months,~₹4000,No,Not available
Swarajya Computer Institute,Tally Prime,Accounting / Tally,Nashik,Not available,Not rated,2 months,Contact institute,No,Not available
Swarajya Computer Institute,Basic Computer,IT Literacy,Nashik,Not available,Not rated,2 months,Contact institute,No,Not available
Shree Sai Computer,Basic Computer / MS Office,IT Literacy,Nashik,Not available,Not rated,2 months,Contact institute,No,Not available
Shree Sai Computer,Tally Prime,Accounting / Tally,Nashik,Not available,Not rated,2 months,Contact institute,No,Not available
IANT Computer Education,CCNA,Networking,"Panchavati Karanja, Nashik",Not available,4.2,3–4 months,₹15000–₹115900,Yes,https://www.iantindia.com
IANT Computer Education,CCNP,Networking,"Panchavati Karanja, Nashik",Not available,4.2,4–6 months,₹15000–₹115900,Yes,https://www.iantindia.com
IANT Computer Education,Ethical Hacking / Cyber Security,Cybersecurity,"Panchavati Karanja, Nashik",Not available,4.2,3–6 months,₹15000–₹115900,Yes,https://www.iantindia.com
IANT Computer Education,Red Hat RHCSA / RHCE,Linux / Red Hat,"Panchavati Karanja, Nashik",Not available,4.2,3–5 months,₹15000–₹115900,Yes,https://www.iantindia.com
IANT Computer Education,Java / Android / PHP,.NET / Java Development,"Panchavati Karanja, Nashik",Not available,4.2,2–4 months,₹15000–₹115900,Yes,https://www.iantindia.com
Oxitech Solutions Lip,Web Development,Web Development,Nashik,Not available,Not rated,3–4 months,Contact institute,Partial,Not available
Oxitech Solutions Lip,Digital Marketing,Digital Marketing,Nashik,Not available,Not rated,2–3 months,Contact institute,Partial,Not available
J B Infotech,Basic Computer / MS Office,IT Literacy,Nashik,Not available,Not rated,2 months,Contact institute,No,Not available
J B Infotech,Tally Prime,Accounting / Tally,Nashik,Not available,Not rated,2 months,Contact institute,No,Not available
J B Infotech,Web Design,Web Development,Nashik,Not available,Not rated,3 months,Contact institute,Partial,Not available
Logics Computer Academy,Basic Computer / MS Office,IT Literacy,Nashik,Not available,Not rated,2 months,Contact institute,No,Not available
Logics Computer Academy,Tally Prime,Accounting / Tally,Nashik,Not available,Not rated,2 months,Contact institute,No,Not available
Logics Computer Academy,Programming (C / C++ / Java),Programming,Nashik,Not available,Not rated,2–3 months,Contact institute,Partial,Not available
Heuristic Technopark,Web Development,Web Development,"Sharanpur Road, Nashik",Not available,4.5,3–4 months,Contact institute,Yes,https://heuristictechnopark.com
Heuristic Technopark,Mobile App Development,Mobile Development,"Sharanpur Road, Nashik",Not available,4.5,3–4 months,Contact institute,Yes,https://heuristictechnopark.com
Heuristic Technopark,IT Internship Program,Internship / Training,"Sharanpur Road, Nashik",Not available,4.5,1–3 months,Contact institute,Yes,https://heuristictechnopark.com
Protech Training & Consulting,Networking / CCNA,Networking,Nashik,Not available,Not rated,3–4 months,Contact institute,Yes,Not available
Protech Training & Consulting,Cybersecurity,Cybersecurity,Nashik,Not available,Not rated,3 months,Contact institute,Yes,Not available
Protech Training & Consulting,Cloud Computing,Cloud Computing,Nashik,Not available,Not rated,2–3 months,Contact institute,Yes,Not available
Jetking Nashik Learning Center,Diploma in Network Administration (JK-DNA),Hardware & Networking,"Office No.3, Vijay Chambers, Mahatma Nagar, Nashik",Not available,4.4,6–12 months,Contact institute,Yes,https://www.jetking.com
Jetking Nashik Learning Center,Cloud Computing with AI,Cloud Computing,"Office No.3, Vijay Chambers, Mahatma Nagar, Nashik",Not available,4.4,6–12 months,Contact institute,Yes,https://www.jetking.com
Jetking Nashik Learning Center,Ethical Hacking,Cybersecurity,"Office No.3, Vijay Chambers, Mahatma Nagar, Nashik",Not available,4.4,4–6 months,Contact institute,Yes,https://www.jetking.com
Jetking Nashik Learning Center,AWS Solutions Specialist,Cloud Computing,"Office No.3, Vijay Chambers, Mahatma Nagar, Nashik",Not available,4.4,3–4 months,Contact institute,Yes,https://www.jetking.com
Jetking Nashik Learning Center,BCA in Cloud Computing & Cyber Security,Degree Program,"Office No.3, Vijay Chambers, Mahatma Nagar, Nashik",Not available,4.4,3 years,Contact institute,Yes,https://www.jetking.com
Data Universe,Data Science,Data Science,Nashik,Not available,Not rated,4–6 months,Contact institute,Yes,Not available
Data Universe,Business Analytics,Data Analytics,Nashik,Not available,Not rated,3–4 months,Contact institute,Yes,Not available
Data Universe,Power BI / Tableau,Data Visualization,Nashik,Not available,Not rated,1–2 months,Contact institute,Partial,Not available
Shree Mangalmurti Computer Institute Nampur,Basic Computer / MS Office,IT Literacy,"Nampur, Nashik District",Not available,Not rated,2 months,Contact institute,No,Not available
Shree Mangalmurti Computer Institute Nampur,Tally Prime,Accounting / Tally,"Nampur, Nashik District",Not available,Not rated,2 months,Contact institute,No,Not available
Lifeline Computers,Basic Computer / MS Office,IT Literacy,Nashik,Not available,Not rated,2 months,Contact institute,No,Not available
Lifeline Computers,Tally Prime,Accounting / Tally,Nashik,Not available,Not rated,2 months,Contact institute,No,Not available
Dnyandeep Computers,Basic Computer / MS Office,IT Literacy,Nashik,Not available,Not rated,2 months,Contact institute,No,Not available
Dnyandeep Computers,Tally Prime,Accounting / Tally,Nashik,Not available,Not rated,2 months,Contact institute,No,Not available
Dnyandeep Computers,MS-CIT,IT Literacy,Nashik,Not available,Not rated,3 months,~₹4000,No,Not available
Ajinkya Infotech,Basic Computer / MS Office,IT Literacy,Nashik,Not available,Not rated,2 months,Contact institute,No,Not available
Ajinkya Infotech,Tally Prime,Accounting / Tally,Nashik,Not available,Not rated,2 months,Contact institute,No,Not available
Ajinkya Infotech,Web Design,Web Development,Nashik,Not available,Not rated,3 months,Contact institute,Partial,Not available
Mediatech Computer Academy,Basic Computer / MS Office,IT Literacy,Nashik,Not available,Not rated,2 months,Contact institute,No,Not available
Mediatech Computer Academy,Graphic Design / Multimedia,Multimedia,Nashik,Not available,Not rated,3–4 months,Contact institute,Partial,Not available
Mediatech Computer Academy,DTP,Graphic Design,Nashik,Not available,Not rated,2 months,Contact institute,No,Not available
ITRC Smart Computer Education,MS-CIT,IT Literacy,Nashik,Not available,Not rated,3 months,~₹4000,No,Not available
ITRC Smart Computer Education,Tally Prime,Accounting / Tally,Nashik,Not available,Not rated,2 months,Contact institute,No,Not available
ITRC Smart Computer Education,Basic Computer,IT Literacy,Nashik,Not available,Not rated,2 months,Contact institute,No,Not available
Optimus Prime,Basic Computer / MS Office,IT Literacy,Nashik,Not available,Not rated,2 months,Contact institute,No,Not available
Optimus Prime,Web Development,Web Development,Nashik,Not available,Not rated,3 months,Contact institute,Partial,Not available
A2Z IT Hub Pvt Ltd,Full Stack Development,Web Development,Nashik,Not available,Not rated,4–6 months,Contact institute,Yes,Not available
A2Z IT Hub Pvt Ltd,Digital Marketing,Digital Marketing,Nashik,Not available,Not rated,2–3 months,Contact institute,Yes,Not available
A2Z IT Hub Pvt Ltd,Python / Data Science,Data Science,Nashik,Not available,Not rated,3–4 months,Contact institute,Yes,Not available
TTS Nashik (Technokraft),CCNA / CCNP,Networking,"College Road, Nashik",Not available,4.6,3–6 months,Contact institute,Yes,https://ttsnashik.com
TTS Nashik (Technokraft),DevOps / Docker / Kubernetes,DevOps,"College Road, Nashik",Not available,4.6,2–3 months,Contact institute,Yes,https://ttsnashik.com
TTS Nashik (Technokraft),Red Hat Linux,Linux / Red Hat,"College Road, Nashik",Not available,4.6,3–4 months,Contact institute,Yes,https://ttsnashik.com
Gurukul Computer Education,Basic Computer / MS Office,IT Literacy,Nashik,Not available,Not rated,2 months,Contact institute,No,Not available
Gurukul Computer Education,Tally Prime,Accounting / Tally,Nashik,Not available,Not rated,2 months,Contact institute,No,Not available
Gurukul Computer Education,MS-CIT,IT Literacy,Nashik,Not available,Not rated,3 months,~₹4000,No,Not available
Coding Kirtesh Designing & Coding Institute,Web Design & Development,Web Development,Nashik,Not available,Not rated,3–4 months,Contact institute,Partial,Not available
Coding Kirtesh Designing & Coding Institute,Graphic Design,Graphic Design,Nashik,Not available,Not rated,2–3 months,Contact institute,Partial,Not available
Coding Kirtesh Designing & Coding Institute,UI/UX Design,UI/UX Design,Nashik,Not available,Not rated,2–3 months,Contact institute,Partial,Not available
Unique Skill Development Center,Basic Computer / MS Office,IT Literacy,Nashik,Not available,Not rated,2 months,Contact institute,No,Not available
Unique Skill Development Center,Tally Prime with GST,Accounting / Tally,Nashik,Not available,Not rated,2 months,Contact institute,No,Not available
Unique Skill Development Center,Spoken English + Soft Skills,Soft Skills,Nashik,Not available,Not rated,2 months,Contact institute,No,Not available
Disha Computer Institute (Ambad Link Road Trimurti Chowk),MS-CIT,IT Literacy,"Ambad Link Road, Trimurti Chowk, Nashik",Not available,Not rated,3 months,~₹4000,No,Not available
Disha Computer Institute (Ambad Link Road Trimurti Chowk),Tally Prime,Accounting / Tally,"Ambad Link Road, Trimurti Chowk, Nashik",Not available,Not rated,2 months,Contact institute,No,Not available
Super Power Robotics,Robotics & IoT,Robotics / IoT,Nashik,Not available,Not rated,2–4 months,Contact institute,Partial,Not available
Super Power Robotics,Arduino / Raspberry Pi,Embedded Systems,Nashik,Not available,Not rated,1–2 months,Contact institute,Partial,Not available
Super Power Robotics,3D Printing,CAD / Design,Nashik,Not available,Not rated,1 month,Contact institute,No,Not available
Shree Soft Computers,Basic Computer / MS Office,IT Literacy,Nashik,Not available,Not rated,2 months,Contact institute,No,Not available
Shree Soft Computers,Tally Prime,Accounting / Tally,Nashik,Not available,Not rated,2 months,Contact institute,No,Not available
Mera Infotech,Basic Computer / MS Office,IT Literacy,Nashik,Not available,Not rated,2 months,Contact institute,No,Not available
Mera Infotech,Tally Prime,Accounting / Tally,Nashik,Not available,Not rated,2 months,Contact institute,No,Not available
Mera Infotech,Web Design,Web Development,Nashik,Not available,Not rated,3 months,Contact institute,Partial,Not available
Samyak Computer Classes,Python / Java / C++,Programming,Nashik,Not available,4.3,2–3 months,₹5700–₹30000,Yes,https://www.samyakinfotech.com
Samyak Computer Classes,Web Design & Development,Web Development,Nashik,Not available,4.3,3–4 months,₹5700–₹30000,Yes,https://www.samyakinfotech.com
Samyak Computer Classes,Digital Marketing / SEO,Digital Marketing,Nashik,Not available,4.3,2–3 months,₹5700–₹30000,Yes,https://www.samyakinfotech.com
Samyak Computer Classes,Graphic Design,Graphic Design,Nashik,Not available,4.3,2–3 months,₹5700–₹30000,Yes,https://www.samyakinfotech.com
Samyak Computer Classes,Tally Prime with GST,Accounting / Tally,Nashik,Not available,4.3,2 months,₹5700–₹30000,Yes,https://www.samyakinfotech.com
Samyak Computer Classes,AI & Machine Learning,Artificial Intelligence,Nashik,Not available,4.3,4–6 months,₹5700–₹30000,Yes,https://www.samyakinfotech.com
Slash Institute Of Technologies,Full Stack Development,Web Development,Nashik,Not available,Not rated,4–6 months,Contact institute,Yes,Not available
Slash Institute Of Technologies,Cloud Computing,Cloud Computing,Nashik,Not available,Not rated,2–3 months,Contact institute,Yes,Not available
Slash Institute Of Technologies,Cybersecurity,Cybersecurity,Nashik,Not available,Not rated,3 months,Contact institute,Yes,Not available
Streamline Tech,Web Development,Web Development,Nashik,Not available,Not rated,3–4 months,Contact institute,Partial,Not available
Streamline Tech,Digital Marketing,Digital Marketing,Nashik,Not available,Not rated,2 months,Contact institute,Partial,Not available
Seed India Knowledge Pvt Ltd,Basic Computer / MS Office,IT Literacy,Nashik,Not available,Not rated,2 months,Contact institute,No,Not available
Seed India Knowledge Pvt Ltd,Tally Prime,Accounting / Tally,Nashik,Not available,Not rated,2 months,Contact institute,No,Not available
Seed India Knowledge Pvt Ltd,Spoken English + Personality Dev,Soft Skills,Nashik,Not available,Not rated,2 months,Contact institute,No,Not available
Next Level Computer Education,Basic Computer / MS Office,IT Literacy,Nashik,Not available,Not rated,2 months,Contact institute,No,Not available
Next Level Computer Education,Web Development,Web Development,Nashik,Not available,Not rated,3 months,Contact institute,Partial,Not available
Next Level Computer Education,Tally Prime,Accounting / Tally,Nashik,Not available,Not rated,2 months,Contact institute,No,Not available
Shri Computer,Basic Computer / MS Office,IT Literacy,Nashik,Not available,Not rated,2 months,Contact institute,No,Not available
Shri Computer,Tally Prime,Accounting / Tally,Nashik,Not available,Not rated,2 months,Contact institute,No,Not available
Brilliant Education,Basic Computer / MS Office,IT Literacy,Nashik,Not available,Not rated,2 months,Contact institute,No,Not available
Brilliant Education,Tally Prime,Accounting / Tally,Nashik,Not available,Not rated,2 months,Contact institute,No,Not available
Brilliant Education,Web Design,Web Development,Nashik,Not available,Not rated,3 months,Contact institute,Partial,Not available
Shan Infotech And Tally Academy,Tally Prime with GST,Accounting / Tally,Nashik,Not available,Not rated,2–3 months,Contact institute,Partial,Not available
Shan Infotech And Tally Academy,Basic Computer / MS Office,IT Literacy,Nashik,Not available,Not rated,2 months,Contact institute,No,Not available
Shan Infotech And Tally Academy,SAP FICO (Basic),ERP / SAP,Nashik,Not available,Not rated,3 months,Contact institute,Partial,Not available
Esmart Vision Computers,Basic Computer / MS Office,IT Literacy,Nashik,Not available,Not rated,2 months,Contact institute,No,Not available
Esmart Vision Computers,Tally Prime,Accounting / Tally,Nashik,Not available,Not rated,2 months,Contact institute,No,Not available
Esmart Vision Computers,DTP / Graphic Design,Graphic Design,Nashik,Not available,Not rated,2–3 months,Contact institute,No,Not available
Mindtricks Education,Python / Machine Learning,Programming,Nashik,Not available,Not rated,3–4 months,Contact institute,Yes,Not available
Mindtricks Education,Data Science,Data Science,Nashik,Not available,Not rated,4 months,Contact institute,Yes,Not available
Mindtricks Education,Web Development,Web Development,Nashik,Not available,Not rated,3 months,Contact institute,Yes,Not available
Aptech Computer Education Nashik,BCA (Bachelor of Computer Applications),Degree Program,"College Road, Nashik",Not available,4.0,3 years,Contact institute,Yes,https://www.aptech-education.com
Aptech Computer Education Nashik,MCP (Microsoft Certified Professional),Microsoft Certification,"College Road, Nashik",Not available,4.0,96 hours,Contact institute,Yes,https://www.aptech-education.com
Aptech Computer Education Nashik,Web Development / .NET / J2EE,Web Development,"College Road, Nashik",Not available,4.0,3–7 months,Contact institute,Yes,https://www.aptech-education.com
Aptech Computer Education Nashik,Linux Administration,Linux / Red Hat,"College Road, Nashik",Not available,4.0,2–3 months,Contact institute,Yes,https://www.aptech-education.com
Opulent Infotech Pvt Ltd,Web Development,Web Development,Nashik,Not available,Not rated,3–4 months,Contact institute,Yes,Not available
Opulent Infotech Pvt Ltd,Digital Marketing,Digital Marketing,Nashik,Not available,Not rated,2–3 months,Contact institute,Yes,Not available
Opulent Infotech Pvt Ltd,App Development,Mobile Development,Nashik,Not available,Not rated,3 months,Contact institute,Yes,Not available
Asian Institute Of Technologies And Research Center,CCNA / Networking,Networking,Nashik,Not available,Not rated,3–4 months,Contact institute,Yes,Not available
Asian Institute Of Technologies And Research Center,Hardware & Networking,Hardware & Networking,Nashik,Not available,Not rated,2–3 months,Contact institute,Yes,Not available
Asian Institute Of Technologies And Research Center,Web Development,Web Development,Nashik,Not available,Not rated,3 months,Contact institute,Partial,Not available
KN Edusoft,Basic Computer / MS Office,IT Literacy,Nashik,Not available,Not rated,2 months,Contact institute,No,Not available
KN Edusoft,Tally Prime,Accounting / Tally,Nashik,Not available,Not rated,2 months,Contact institute,No,Not available
Sam Computers,Basic Computer / MS Office,IT Literacy,Nashik,Not available,Not rated,2 months,Contact institute,No,Not available
Sam Computers,Tally Prime,Accounting / Tally,Nashik,Not available,Not rated,2 months,Contact institute,No,Not available
Networld,Networking / CCNA,Networking,Nashik,Not available,Not rated,3–4 months,Contact institute,Partial,Not available
Networld,Hardware Maintenance,Hardware & Networking,Nashik,Not available,Not rated,2 months,Contact institute,Partial,Not available
Infinity IT Academy,Python / Full Stack,Web Development,Nashik,Not available,Not rated,3–4 months,Contact institute,Yes,Not available
Infinity IT Academy,Data Science,Data Science,Nashik,Not available,Not rated,4 months,Contact institute,Yes,Not available
Infinity IT Academy,Digital Marketing,Digital Marketing,Nashik,Not available,Not rated,2 months,Contact institute,Yes,Not available
Agrawal Institute Of Management & Technologies,BCA / BBA IT,Degree Program,Nashik,Not available,Not rated,3 years,Contact institute,Partial,Not available
Agrawal Institute Of Management & Technologies,Web Development,Web Development,Nashik,Not available,Not rated,3 months,Contact institute,Partial,Not available
Agrawal Institute Of Management & Technologies,Tally Prime,Accounting / Tally,Nashik,Not available,Not rated,2 months,Contact institute,No,Not available
GIST Computer Institute And Stationary,Basic Computer / MS Office,IT Literacy,Nashik,Not available,Not rated,2 months,Contact institute,No,Not available
GIST Computer Institute And Stationary,Tally Prime,Accounting / Tally,Nashik,Not available,Not rated,2 months,Contact institute,No,Not available
Yog Infotech,Web Development,Web Development,Nashik,Not available,Not rated,3 months,Contact institute,Partial,Not available
Yog Infotech,Basic Computer / MS Office,IT Literacy,Nashik,Not available,Not rated,2 months,Contact institute,No,Not available
Hitraa Technologies,Python / AI / ML,Artificial Intelligence,Nashik,Not available,Not rated,3–4 months,Contact institute,Yes,Not available
Hitraa Technologies,Web Development,Web Development,Nashik,Not available,Not rated,3 months,Contact institute,Yes,Not available
Hitraa Technologies,Cloud Computing,Cloud Computing,Nashik,Not available,Not rated,2–3 months,Contact institute,Yes,Not available
Spyware Advance Computer Center,Ethical Hacking / Cyber Security,Cybersecurity,Nashik,Not available,Not rated,3 months,Contact institute,Yes,Not available
Spyware Advance Computer Center,Hardware & Chip Level Repair,Hardware & Networking,Nashik,Not available,Not rated,2–3 months,Contact institute,Partial,Not available
Spyware Advance Computer Center,Networking (CCNA),Networking,Nashik,Not available,Not rated,3–4 months,Contact institute,Partial,Not available
Professionals Academy,Java / .NET,Programming,Nashik,Not available,Not rated,3 months,Contact institute,Yes,Not available
Professionals Academy,Software Testing,Software Testing,Nashik,Not available,Not rated,2–3 months,Contact institute,Yes,Not available
Professionals Academy,Web Development,Web Development,Nashik,Not available,Not rated,3 months,Contact institute,Yes,Not available
Serverexperts Redgar Linux Training Institute,Red Hat RHCSA,Linux / Red Hat,Nashik,Not available,Not rated,3 months,Contact institute,Yes,Not available
Serverexperts Redgar Linux Training Institute,Red Hat RHCE,Linux / Red Hat,Nashik,Not available,Not rated,4 months,Contact institute,Yes,Not available
Serverexperts Redgar Linux Training Institute,Linux Server Administration,Linux / Red Hat,Nashik,Not available,Not rated,2–3 months,Contact institute,Yes,Not available
Fortune Computer Education,Basic Computer / MS Office,IT Literacy,Nashik,Not available,Not rated,2 months,Contact institute,No,Not available
Fortune Computer Education,Tally Prime,Accounting / Tally,Nashik,Not available,Not rated,2 months,Contact institute,No,Not available
Fortune Computer Education,Web Design,Web Development,Nashik,Not available,Not rated,3 months,Contact institute,Partial,Not available
Parth Computer,Basic Computer / MS Office,IT Literacy,Nashik,Not available,Not rated,2 months,Contact institute,No,Not available
Parth Computer,Tally Prime,Accounting / Tally,Nashik,Not available,Not rated,2 months,Contact institute,No,Not available
Adarsh Computers,Basic Computer / MS Office,IT Literacy,Nashik,Not available,Not rated,2 months,Contact institute,No,Not available
Adarsh Computers,Tally Prime,Accounting / Tally,Nashik,Not available,Not rated,2 months,Contact institute,No,Not available
IT Source,Web Development,Web Development,Nashik,Not available,Not rated,3–4 months,Contact institute,Yes,Not available
IT Source,Digital Marketing,Digital Marketing,Nashik,Not available,Not rated,2 months,Contact institute,Yes,Not available
IT Source,Basic Computer / MS Office,IT Literacy,Nashik,Not available,Not rated,2 months,Contact institute,No,Not available
AISECT Education Skilling Placement Center,MS-CIT / Basic Computer,IT Literacy,Nashik,Not available,Not rated,2–3 months,Contact institute,Partial,https://www.aisect.org
AISECT Education Skilling Placement Center,Tally Prime,Accounting / Tally,Nashik,Not available,Not rated,2 months,Contact institute,Partial,https://www.aisect.org
AISECT Education Skilling Placement Center,Diploma in IT (DIT),IT Diploma,Nashik,Not available,Not rated,6 months,Contact institute,Partial,https://www.aisect.org
MMIT Computer Institute Nashik,Basic Computer / MS Office,IT Literacy,Nashik,Not available,Not rated,2 months,Contact institute,No,Not available
MMIT Computer Institute Nashik,Tally Prime,Accounting / Tally,Nashik,Not available,Not rated,2 months,Contact institute,No,Not available
MMIT Computer Institute Nashik,Web Design,Web Development,Nashik,Not available,Not rated,3 months,Contact institute,Partial,Not available
Itvedant Education,Data Science & Analytics with AI,Data Science,"1st Floor, Office No: 205-206, Cuboid Business Centre, College Road, Nashik",Not available,4.5,4–6 months,Contact institute,Yes,https://www.itvedant.com
Itvedant Education,Python Programming,Programming,"1st Floor, Office No: 205-206, Cuboid Business Centre, College Road, Nashik",Not available,4.5,2–3 months,Contact institute,Yes,https://www.itvedant.com
Itvedant Education,Full Stack Web Development,Web Development,"1st Floor, Office No: 205-206, Cuboid Business Centre, College Road, Nashik",Not available,4.5,4–5 months,Contact institute,Yes,https://www.itvedant.com
Itvedant Education,Machine Learning & AI,Artificial Intelligence,"1st Floor, Office No: 205-206, Cuboid Business Centre, College Road, Nashik",Not available,4.5,4–6 months,Contact institute,Yes,https://www.itvedant.com
